0	Iraq car bombings kill 22 People, wound more than 60
0	Dozens killed in Baghdad bombing
0	At least 130 die as blast levels Baghdad market
0	Homemade bombs kill 65 on Indian train
0	Ice storms kill 21 across nation
0	Two men killed by London tube train
0	7 Die As US Helicopter Crashes in Iraq
0	US helicopter crash kills 8 troops in Afghanistan
0	Small jet crashes on takeoff, killing 2
0	Collision on icy road kills 7
0	12 dead in Lebanese minibus bombings
0	Eight US soldiers killed in Zabul helicopter crash
0	Bomb kills 18 on military bus in Iran
0	Trolley Square shooting leaves 6 dead, including gunman
0	Study: More kids exposed to online porn
0	Bathing mom awakes to find baby dead
0	Double bus-bombing kills three in Lebanon
0	Iraqi death toll exceeded 34,000 in 2006, United Nations says
0	Trains crash near Thai resort town
0	Woman dies after water binge
0	North Africa feared as staging ground for terror
0	Teacher charged with sex assault
0	Floods force Malaysia evacuations
0	Man beheaded in southern Thailand
0	US soldiers die in day of violence
0	6 dead after Utah Mall shooting rampage
0	Mother, daughter stabbed near school
0	Memo from Frankfurt: Germany relives 1970s terror as 2 seek release from jail
0	Two Palestinians killed near fence
0	Thailand attacks kill three, injure 70
0	7 dead in apartment building fire
0	Second hanging also went awry, Iraq tape shows
0	PC World editor slain at California home
0	Bigger, more aggressive rats infesting UK
0	Iran says Sunnis, using Pakistan as base, planned fatal bombing
0	Indonesian with bird flu dies
0	EarthLink CEO dies at age 49
0	Terror officials see Al Qaeda chiefs regaining power
0	Iraqi suicide attack kills two US troops as militants fight purge
0	Terror network
0	Sri Lanka floods displace 60,000
0	Deaths as bird flu flares in Asia
0	Indonesian bird flu deaths hit 61
0	Massive mud traps dozens of families
0	Swiss plane crashes at Moscow airport
0	Sharks kill four people in 'dull' year
0	Al Qaeda group calls for attacks on U.S. oil
0	Beating leaves teen in coma
0	Storms kill, knock out power, cancel flights
0	Participant in water-drinking contest dies
0	Al Qaeda chiefs are seen to regain power
0	3 U.S. troops killed hunting weapons cache
0	Filipino woman kidnapped in Nigeria
0	Millionaire secret Santa dies
0	Investigation of child porn site hits 77 nations USA Today
0	Too young for this: facing cancer under 40
0	Iran to hit US interests if attacked
0	Indonesia flood forces 340,000 from homes
0	South Korea fire kills 10 foreigners
0	Oregon snorkeler mistaken for rodent, shot in face
0	Iran says it will strike US interests if Attacked
0	Porn ring scandal reaches Australia
0	Iran steps up production of weapons-grade uranium
0	Now it's official: Iraq's a mess
0	North Korea claims nuclear test
0	Samba school leader killed before Rio carnival
0	Israel intensifies military flights over Lebanon
0	Ice storm brings chaos in U.S.
0	EarthLink CEO dies at age 49
0	Militants attack U.S. base in Iraq
0	Gunmen abduct Filipino woman in Nigeria
0	Iran to Hit US Interests if Attacked
0	Storm leaves behind major travel troubles
0	10 kidnapped at Nigeria oil base
0	New Orleans violence sparks tourism fears
0	Hackers attack root servers
0	Chrysler's Valentine's Day massacre
0	India to test new nuclear missile
0	Jump reported in accidental drug-overdose deaths
0	EU document: Iranian bomb unstoppable
0	Congolese soldiers riot, loot over pay issue
0	Troops massing around Somali town
0	Freed Muslim terror suspect says Britain is "police state"
0	Dryer blamed for fire killing 39 cats, dogs
0	Another death at Georgia Aquarium
0	UK letter bombs may be from extremist drivers
0	Human error caused Helios crash
0	The amounts you have to pay for a bomb scare
0	Weekly Nielsen Yvonne De Carlo, 'Munsters' star, dead
1	Peretz orders IDF to respond with force to north border attacks
1	Israeli woman's tirade spurs PM outrage
1	Israeli, Lebanese clash on border
1	Taliban seize rural district in southwest as police flee
1	Russian bird flu outbreak is deadly "Asian strain"
1	Violence continues at disputed holy site
1	Iran warns will hit back at US if attacked
1	Freed kidnap suspect: my terror at police raid
1	Outdated baby food found on shelves
1	Ex-Border Patrol agent beaten in prison
1	Pledge: I was abused in frat hazing
1	Kidnappers seize two in Nigeria
1	Somali refugees cut off from aid
1	House of Cards' actor Ian Richardson dead
1	Deadly bird flu confirmed in British Turkeys
1	Life in Gaza steadily worsens
1	Justin Timberlake, Cameron Diaz announce split
1	Russia warns US against missile bases in East Europe
1	Telecoms giant slashes 12,500 jobs
1	Snow wreaks havoc in East, Midwest
1	Ex-pastor gets death sentence
1	Firms on alert for letter bombs
1	Hackers strike at key Internet servers
1	Eye on cosmos is lost to short circuit on hubble
1	Blair: Terror battle will be long
1	Planning seen in Iraqi attacks on U.S. copters
1	Czechs, Poles get missile warning
1	Bombings say Muslim rebels won't negotiate
1	Sex torture claims hit Russia army
1	Anna Nicole Smith fans mourn in cyberspace
1	Hussein co-defendants executed
1	Snow brings travel misery to England
1	India decries 'an act of sabotage'
1	Salt Lake City mall shooter was teenager
1	Ryan O'Neal injured son's girlfriend
1	Britons deported from Somalia held under Terrorism Act
1	Israelis retaliate after attack by Lebanese Army
1	UK workers on alert for letter bombs
1	Congressman rebukes U.S. allies for lack of support in Afghanistan 
1	U.S. and Iraqis are wrangling over war plans
1	Airlines: UK airport runway unsafe
1	Town packs gym to mourn 10 killed in fire
1	Anger at release of two held over beheading plot
1	Deputy health minister arrested in US-Iraqi raid
1	Russia plans new ICBMs, nuclear subs
1	Iraq closes borders with Syria and Iran
1	Salmonella outbreak traced to peanut butter
1	Bridge blast stops I-95 traffic
1	Trucks swallowed in subway collapse
1	Ice storm smacks roads, power
1	Bush adamant on troops to Iraq
1	US millions fail to buy influence in deadly Gaza power play
1	Attack video saddens "friendly fire" widow
1	Group: Video shows chopper go down
1	Ex-teacher guilty in nude-pictures scheme
1	Outcry at N Korea 'nuclear test'
1	Experts: Fear likely shackled boy
1	Carter was a disaster, said Ford
1	Heavy snow causes travel chaos and shuts schools
1	Canadians tracked in child porn ring
1	Snow brings travel misery to England
1	Iraq insurgents attack US base
1	Bernard Matthews to lay off up to 500 workers
1	Village buried by 100 inches of snow
1	Global web of suspects in child-rape download
1	US to urge Nato Afghan spring offensive
1	China's 'nightmare scenario'
1	As inflation soars, Zimbabwe economy plunges
1	Mistrial declared in teacher-student rape case
1	Lost's' Fox: 'I'm a liar and a cheat'
1	Iran to strike US interests if attacked
1	Italy's dispute with US over Iraq shooting
1	Snow causes transport chaos in Britain
1	Bush declares Iran's arms role in Iraq is certain
1	Steelers' Roethlisberger has concussion
1	Northeaster cancels flights, shuts schools
1	Anna Nicole Smith's body lies in legal limbo
1	Bush authorized Iranians' arrest in Iraq, Rice says
1	Senator Carl Krueger thinks iPods can kill you
1	Germany agonizes over a brain drain
1	Victims of Air India still wait for justice
1	Afghan poppy war alienates farmers
1	Ice storm cripples central U.S.
1	Italy to try US soldier for agent's Iraq death
1	Did NASA accidentally kill life on Mars?
1	Search on for victims of subway collapse
1	Kanishka bombing case: Inquiry judge threatens to quit
1	Punter charged with stabbing asks to live outside state
1	Desperate Iraqi mother relies on militia for help
1	Travel chaos as heavy snow hits UK
1	Scorpion on a plane, a pantful of pain
1	South Africa mourns Adelaide Tambo
1	France rejects Rwandan investigators
1	Somalia declares state of emergency
1	Victim: Gunman bought drink after shooting
1	In Kenya's capital, a sense that danger is ever stronger
1	Iran reneges on nuclear payments to Russia
1	Matthews lays off 130 turkey workers
1	Planned cesareans not risk-free, group warns
1	Frustration rises as North Korea nuclear talks stall
1	Putin: U.S. force fostering nuke ambitions
1	Japanese whaler afire in Antarctic
1	ROUNDUP: Protests erupt despite "state of siege" In Guinea
1	Attorneys point fingers in fight between Ryan O'Neal and son
1	Snow causes airport closures in Britain
1	A shot in the arm
1	Fear hinders black marrow donation
1	Texan allegedly joined Somalia rebel plot
1	Serbia rejects United Nation's Kosovo plan
1	Tow truck drivers accused of stealing cars
1	Ice storm coating Midwest
1	Police probe 2 church fires half mile apart
1	IDF shells Lebanese Army positions across northern border
1	Officers had 'rapport' with alleged abductor
1	Reopening bird flu-hitfactory ignores risks - poultryman
1	Body Shop's Roddick has Hepatitis C
1	UK police slammed over terror raid
1	Test cricketer jailed over killing
1	Republicans plan to block Iraq debate
1	Eight years for Damilola killers
1	Russia to strengthen its military muscle
1	Observatory: poison begets poison
1	China detains 2 after body parts found in mail
1	Guinea: Plan offices close as country declares emergency
1	Cheney to Congress: Can't run Iraq war by committee
1	Investigation of child porn site hits 77 nations
1	Cisco sues Apple over iPhone name
1	Boy Scouts blamed for starting wildfire
1	Judge threatens to shut down Air-India inquiry
1	AU regrets Sudan's expulsion of UN envoy 
1	Study: Africa's Internet gap getting wider
1	Iraqi forces detain official suspected in Shia conspiracy
1	Software giant SAP misses target
1	Thousands rally in Lebanon
1	Survey: Tech a tool in teen dating abuse
1	Blair says he regrets delays in British soldier's inquest
1	What's behind the chopper crashes in Iraq
1	A star dies, a family feud is born
1	Peter Jackson will never work for me again
1	Kylie's love split
1	Iraqis fault delayed U.S. plan in attack
1	In the world of life-saving drugs, a growing epidemic of deadly fakes
1	Injured Sarwan to miss one-dayers
1	Squadron apologies over 'friendly-fire' death
1	Smith can't be buried until hearing
1	Catania punished for fan violence
1	Mountain glaciers melting faster, United Nations says
1	Shareholders sue Apple
1	Even before its release, world climate report is criticized as too optimistic
1	John Grisham set for court drama
1	Botched hangings in Iraq speed sectarianism
1	Senate votes to revoke pensions
1	Tsunami fears ease after quake
1	The summit - a slap in the face of the Palestinians
1	Antibiotic Ketek more dangerous than thought
1	Radical cleric al-Sadr in Iran, U.S. insists
1	Too little sleep may mean too fat kids
1	Shareholders sue Apple
1	Subway collapse caught on camera
1	Mogadishu residents flee blasts
1	Anna Nicole Smith's Bahamas home seized
1	Storm causes slick, icy roads
1	Personal health: for teenagers, the car is the danger zone
1	Dell to cut bonuses, trim management
1	The troubling ending of 'The Departed'
1	Nasdaq fails in bid for LSE
1	Real suffer Carlos injury setback
1	Science panel calls global warming unequivocal
1	Indonesia may sell, not give, bird flu virus to scientists
1	Chvez threatens to jail violators of price controls
1	Beware of peanut butter pathogens
1	Sexualisation 'harms' young girls
1	Hungarian opposition calls for vote after violence escalates
1	Blazing Angels' for PS3 fails to soar
1	Two Hussein allies are hanged, Iraqi official says
1	James Brown's 5-year-old son left out of will
1	Friendly fire pilot 'experienced'
1	Houston, she's got some problems
1	Thailand: missing 25 years after taking wrong bus
1	Made in China' irks some Burberry shoppers
1	Lawyer seizes Smith's Bahamas home
1	Cisco sues Apple over iPhone name
1	Bernhard set to leave Volkswagen
1	EMI warns on profits, boss goes
1	In the Rockies, pines die and bears feel it
1	New McCain team made attack ads he once faulted
1	High cholesterol raises stroke risk healthy women
1	Teacher's porn conviction sparks tech debate
1	Snow causes airport closures in Britain
1	Russia plans major military build-up
1	Vital Signs: Hazards: Antidepressant linked to fractures in older people
1	Internet attacked! (Did anyone notice?)
1	Auto show canceled
1	Pacers' Jackson misses gun hearing
1	Sarkozy heads for clash in cartoons row
1	Aquarium puts ailing beluga whale to sleep
1	Walters on Trump: 'Poor, pathetic man'
1	Palestinians say clashes hurt their cause
1	Media cited for showing girls as sex objects
1	Howard slams Obama on Iraq policy
1	UPDATE 1-Plane crashes at Moscow airport, no passengers
1	Cartoon Network head steps down
1	Serena misses Bangalore tournament
1	A police state? The issues
1	Brown not buried as estate issues loom
1	Astronaut may have buckled under stress
1	Beckham 'won't play again for Real'
1	Iran's boast on uranium enrichment is put to test
1	Ice storm descends on central U.S.
1	Ex-suspect slams anti-terror laws
1	Top Colombia official resigns
1	Indonesia "will not share" flu samples
1	Panel issues bleak report on climate change
1	Sea search for missing Microsoft scientist
1	Friendly fire pilot 'experienced'
1	Kim Jong-il bans Japanese cars in North Korea
1	Scam lures victims with free puppy offer
1	Super Bowl ads of cartoonish violence, perhaps reflecting toll of war
1	Smokestacks in a white wilderness divide Iceland
1	Merriman violation stuns ex-teammate
1	Iran rejects US claims of supplying weapons in Iraq
1	HPV vaccination stirs heated debate in America
1	What Newsom faces in aftermath of scandal
1	Ballerina sparks anti-fascist row
1	Dispute over Iraqi cleric, said to have gone to Iran
1	Fully-cooked chicken strips recalled 
1	Libby defense upsets judge, rests
1	Hussein's niece pleads for father's life
1	Bears watch as lead slips away
1	US to prod NATO allies for more troops to defeat Taliban
1	Can North Korea be trusted?
1	Norbit' a waste of Murphy
1	Police break up Kosovo protests
1	Lee in pre-World Cup injury scare
1	No e-Book for Harry Potter VII
1	Anglicans rebuke U.S. branch on same-sex unions
1	U.S. says powerful Iraqi cleric is living in Iran
1	Japan: Whaling activists 'terrorists'
1	Taiwan's 'Mr. Clean' indicted, steps down
1	Carrefour sales growth falls short
1	Howard presses Bush on terror suspect
1	Kerry blasts 'escalation of misguided war'
1	Uganda parliament votes to send troops to Somalia
1	Rowdy fans ejected from the Open
1	We lit our last candle yesterday'
1	Late penalty costs Roma the points
1	That'll cost ya
1	Brith Airways baggage charges cause confusion
1	Jones faces Europe meetings snub
1	Fuel spill may lead to missing jet
1	Housewives' star Marcia Cross on bed rest
1	Colombia FM resigns after relatives' arrests for militia links
1	New Zealand unlikely to allow crippled Japanese whaler
1	China denies reports of North Korean apology
1	North Korea aid demand stall talks
1	Peru leader questioned in massacre probe
1	Sudan tells United Nations envoy to leave in 72 hours
1	Vaccine mandate upsets legislators
1	Teen hacks Venezuelan government Web sites
1	Tourism lags in Bush's hometown
1	Snow's too deep even for snowmobiles
1	Turner pays for Boston "bombing"
1	Philippine anti-terror law delayed until June
1	Bad weather cancels men's downhill
1	U.S. at odds with cleric's aide
1	Ice stops trolleys cold
1	BA to charge $470 for an extra bag
1	Frantic 911 call in Ryan O'Neal case
1	Scientist snoops in astronauts' journals
1	Diabetic waits months for eyeglasses
1	Two Muslim groups sue French newspaper International
1	Abbas rejects temporary state
1	China urges UN action on N Korea
1	Peron held over '70s rights abuses
1	On road to Kosovo independence, a warning: go slow
1	No buyer in sight for Napster
1	Iraqi health minister seized in raid 
1	Japanese whaling ship won't accept help
1	Trying to assess the damage in Cleveland 
1	Snow begins, heavy accumulations expected
1	Two detained in body parts mailing
1	Findings: Can humanity survive? Want to bet on it?
1	Israel's Peretz urges halt to contentious Jerusalem construction
1	Bruce revells in upset
1	Russia condemns terrorist acts on buses outside Beirut
1	Astronaut's arrest tests NASA's mettle
1	Andromeda involved in galactic collision
1	Nuke detectors to ring New York, official says
1	TBS to pay $2M fine for ad campaign bomb scare
1	BP CEO Browne to step down in June
1	Pap Test, a mainstay against cervical cancer, may be fading
1	Zach Braff says he has 'mild depression'
1	Iran vs. North Korea: not all enemies are equal
1	Seahawks' QB Hasselbeck out 2-4 weeks
1	Cuban official: Web a 'wild colt'
1	Report links humans to global warming
1	UN nuclear watchdog slashes Iran aid
1	Microsoft, Sony, we have a problem
1	Psych checks reviewed after astronaut's crack-up
1	Rig-threat cargo ship towed ashore
1	Hands on 'Doomsday Clock' move forward
1	Hunters stalk world's tallest trees
1	Apple: no iTunes for you if you have Vista!
1	Thousands tested after Russian H5N1 outbreak
1	Edwards' campaign blogger quits amid Catholic controversy
1	U.S. diverts troops to fight Taliban
1	Doomsday Clock ticking away
1	Bill would strip convicted legislators of pensions
1	Paris police investigate package at Canadian embassy
1	Boy allegedly told to kill by mom gives up
1	Clijsters looks for a long goodbye
2	A Mistrial for Lieut. Watada
2	Merkel: Stop Iran
2	News analysis: Iranian boast is put to test
2	Venezuela, Iran fight U.S. dominance
2	Apple warns iTunes users to wait on Vista
2	Roots of autism more complex than thought
2	Cooked chicken breasts join tainted-food recalls
2	Bush officials: no big move in Iraq plan 
2	Lawmakers blast FDA drug safety oversight
2	Embattled Edwards blogger quits campaign
2	CIA leak trial summary
2	No 10 rejects police state claim
2	Alpha Dog' misses the point
2	Tests of drug to block H.I.V. infection are halted over safety
2	Rio De Janeiro journal: drawing lines across the sand, between classes
2	YouTube told to drop celeb sex video
2	Minister slams airlines on carbon
2	Mistrial for officer who refused to go to Iraq
2	Judge: Preserve Anna Nicole's body
2	Taliban leader killed in airstrike
2	Italy to hold no-show trial of Bronx GI in Iraq slay
2	Anna Nicole claimant: A prince of a guy?
2	Apple revs up Mac attacks on Vista
2	Amish discuss shootings
2	Students use IM-lingo in essays
2	Free Will: Now you have it, now you don't
2	Cholesterol link in diabetes study
2	Lawyer for deceased Nazi-era collaborator Papon vows to bury him 
2	Woman fights to keep drunken driver in jail
2	Smith baby may not be pot of gold
2	J.K. Rowling marks spot of 'Potter's' end
2	U.S. online love brokers eye China
2	At New OZZFEST, Freedom Ain't Free
2	Forecasters expect toasty 2007
2	Review: 'Alpha Dog' misses the point
2	Goodbye to girlhood
2	One search does not fit all
2	Asia seeks breakthrough on North Korea
2	Studios sign off on movie downloads
2	Mixed reaction to China's Africa push
2	Passing exchange becomes political flashpoint
2	Foreign minister of Colombia quits in scandal
2	Madrid bombings trial begins
2	Ancient coin shows Cleopatra was no beauty
2	Fire extinguisher part of Tennessee execution kit
2	Allied with democrats, Lieberman easily aligns with Republicans
2	Protest greets congestion charge's westward push
2	Court TV: Accused killer tells jury a love story
2	Bernanke: Economy healthy, but...
2	Tourist spot resists gravity, but not progress
2	Snowbirds shortening their Florida stays
2	Lawmaker seeks iPod ban in crosswalks in New York
2	A film star in Kampala, conjuring aminos ghost
2	Mideast summit edns with little progress
2	The secrets people reveal
2	Davydenko out as seeds scattered
2	Comedian says government silences critics
2	Pound will not drop Armstrong case
2	Up to 22 inches of snow in forecast
2	Study finds gritty air raises heart disease risk in older women
2	Pediatricians say more cord blood is needed now
2	Edwards blogger quits, becomes journalistic martyr
2	Rowling 'heartbroken,' 'euphoric' at 'Potter's' end
2	Women protest Pakistan demolition
2	Petraeus takes command in Iraq
2	Cousin: Gunman was Srebrenica survivor
2	Bears fan loses bet and changes name
2	Bill Gates and Craig Mundie: vista is Secure, employees are not
2	Gunman 'was Srebrenica survivor'
2	At Libby trial, Russert of NBC gives and gets
2	Second opinion: girl or boy? as fertility technology advances, so does an ethical debate
2	Sick hearts switch on a fetal gene
2	Shoplifters' choice: Police or T-shirt of shame
2	Apple to Vista upgraders: 'Wait'
2	UK luxury maker Burberry: 'Made in China'?
2	BB star Jackson denies Goody comments
2	Move to ban iPods from crossing the street
2	Taking the plunge
2	Libby prosecutors await judge's rulings
2	False alarm at Canadian embassy in Paris
2	Enron boss gets 24-year sentence
2	Australian PM stands by Obama attack
2	See if your city is one of the United States' top 10 fittest or fattest
2	Building a memorial to a son, one child at a time
2	Why gas follows oil up but not down
2	Rebels to join Nepal parliament
2	Books on science: The problems in modeling nature, with its unruly natural tendencies
2	Will North Korea honor pledge this time?
2	Ready to eat chicken breasts recalled due to suspected listeria
2	Was Prince's super show too revealing?
2	In clue to addiction, brain injury halts smoking
2	Hatton hands back IBF title again
2	Former teacher poses for Playboy
2	Closings and cancellations top advice on flu outbreak
2	Defense to challenge Russert's credibility
2	Zoo polar bear to have root canal
2	Apple's dark secret? The 39% claim
2	Sale of Chrysler possible
2	Fight starts over HPV vaccine
2	Manila hints at ransom approval
2	G7: Yen skates by, yuan singled out
2	Cutting through the clutter to get things done
2	Guinea capital largely calm under curfew, marital law
2	Excerpt: Politicians and the press
2	Mass Venezuela opposition rally
2	China says rich countries should take lead on global warming
2	Nipple covers, other star secrets
2	Foetal mechanism helps heart failure
2	Teen allegedly armed by mom turns self in
2	New York City may ban iPods while crossing street
2	Shiite fighters arrested in crackdown, Iraq says
2	Tariq Ramadan has an identity issue
2	Microsoft downplays Vista speech-recognition hack
2	Damaged Japanese whaling ship may resume hunting off Antarctica
2	Jail me, I ate Ivory Coast chocolate
2	Utah gunman survived Srebrenica
2	U.S. gunman 'was Srebrenica survivor'
2	EU condemns 'illegal' CIA flights
2	Latest food-fad -- 'space potatoes'
2	Carphone Warehouse's mixed signals
2	Democrats plot Bush troop increase censure
2	Merck: Gardasil may fight more strains
2	Blair apologises over friendly fire inquest
2	Ivrea journal: In Italian town, a civics lesson from pelting neighbors
2	Rocky start for Bangkok airport
2	France: Al Qaeda suspects arrested
2	Vaccines: Mandate or choice?
2	Annual diving contest in South Korea proves a chilly challenge
2	POLITICS-US: reprieve for officer who denounced "Immoral War"
2	Hicks first in line for trial, Bush says
2	Whether to save cord blood can be puzzle for parents
2	Hannibal' bites the big one
2	Israel to install cameras to show live Mughrabi footage
2	Thousands line up to get late flu shots
2	Health Canada issues advice on canned tuna
2	Nasdaq-LSE battle nears deadline
2	Champion Murray too good for Kim
2	Swingers more common than most think
2	Iraq unveils new security plans
2	Really?: The claim: the pill can make you put on weight
2	An iPhone by any other name? Surely not
2	Rice: U.S. won't pull plug on Iraq
2	Australia tells Bush to speed up Guantanamo trial
2	Committee debates cancer vaccine plan
2	This week in auto racing October 27 - October 29
2	African-Americans are organ donors these days, but what about bone marrow?
2	Essay: about that mean streak of yours: psychiatry can do only so much
2	Opponent is put on the spot over remarks about Clinton
2	Fortune: India the Superpower? Think again
2	10 don't-miss tax breaks
2	Who is Prince Frederic von Anhalt?
2	Federer handed tough Aussie draw
2	Secret hotels in Irish countryside
2	Breakup rings find new homes
2	Paula Abdul: 'I have never been drunk'
2	Charts: Is your city lean or lethargic?
2	Messi makes Barcelona squad return
2	Jet flips in snowstorm, none dead
2	Kathmandu: First snow in 63 years
2	European Space Agency
2	Latest updates on world's top stories
2	Updates on world's top stories
2	Ganguly handed India squad call-up
2	ASEAN urges North Korea resolution
2	Experts offer advice on salmonella
2	Arthurs upsets Robredo in first round at the St. Petersburg Open
2	Full details of the EU report on Iran
2	Somali PM vows to bring Islamists to justice
2	Bosses sleeping on idea of letting workers take naps
2	Rwanda mulls three-child limit
2	Bush: It's time for Congress to back energy plan
2	Toshiba Portege R400
2	Iran leader pays Nicaragua a visit
2	On MySpace, girls seek friends, boys flirt
2	A small part of the brain, and its profound effects
2	Greek police hunt embassy attackers
2	Can't do this anymore'? Not Jack
2	Snowed in the Canadian Rockies
2	Fingers crossed for North Korea
2	Oxfam: action needed for Chad
2	Cravings' still there, sez Tara
2	In Egypt, Rice speaks softly
2	Findings : A cool $25 million for a climate backup plan
2	Yahoo's mission quest
2	Oil holds at $58
2	Briefly: preloaded iPods, Wal-Mart movies, Apple stores
2	Bangladesh ends curfew amid unrest
2	What the Godfather of Soul meant to me
2	Largest ever autism study identifies two genetic culprits
2	Rupert Murdoch's secret TiVo
2	Updates on world's top stories
2	Underarm bowls them over
2	Portugal to vote on abortion laws
2	Rwanda mulling 3-kid limit for families
2	Global National Major child porn ring bust
2	Terai protesters hail 'historic' victory over government
2	Personal health: the importance of knowing what the doctor is talking about
2	Sarkozy letter surprises French cartoons hearing
2	Asian nations urge Myanmar reform
2	City sets up ice storm shelters
2	Vista's hyped security will be tested
2	Whistle-blowing Web site exposed
2	Super Bowl MVP Manning insists he's one of the guys
2	U.S. keeps Iran options open
2	Looking beyond the iPhone
2	Study: Male sweat causes female hormones to rise
2	Believing scripture but playing by science's rules
2	France ends toxic alert at Canadian embassy in Paris
2	A personal plea for HPV vaccine plan
2	Mega-marsupials once roamed Australia
2	Study: Female seals picky about mates
2	17th-Century Remedy; 21st-Century Potency
2	Beckham outlines reasons for move
2	Basics: a mammal in winter with a furnace of her own
2	Cheney starts visit to Japan, Australia
2	London is pace-setter on congestion toll, says mayor
2	Democrats look beyond symbolic vote on Iraq
2	Singer on Cowell: Glad he was mean
2	Ethiopia readies for millennium all its own
2	Leo battles himself
2	French right nominates Sarkozy
2	Princess and heir of Franz Ferdinand fights to repeal a law and gain a castle
2	Sony apologizes for battery recall
2	Werder make 10-man Ajax pay price
2	Male sweat boosts women's hormone levels
2	ASEAN talks end on energy-security
2	Iran top N-envoy heads for Vienna for nuke talks
2	Afghan forces retake town that was overrun by Taliban
2	United Nations peacekeepers raid Haitian slum
2	World's oldest newspaper now exists only online
2	Models' health guidelines -- will they help?
2	Male sweat can raise hormones
2	Space life search turns to TV
2	Barack Obama formally announces bid for president
2	Male sweat raises female hormones
2	Why the smell of a man's armpit is a turn-on
2	Clinical Everton show Moyes means business
2	ECB holds rates at 3.5 percent
2	Horse teeth give details of ancient big chill
2	Study links chimps and 'hammers'
2	England include Giles in WC squad
2	Nokia 5300 Xpress Music
2	Review: Nokia 5300 Xpress Music
2	Apple trademark dispute settled
2	Queen battles Bond for Baftas
2	Skip the showers: male sweat turns women on, study says
2	Barbaro's legacy: saving other horses
2	Israel weighs old city project webcast
2	China: Cheney shores up the trilateral alliance
2	Vietnamese bank plans IPO listing
2	Weekly Nielsen will 'Lost' find its way back?
2	Princess Masako author: No regrets
2	Here is some advice to take to heart...
2	FDA revises label warnings on the antibiotic Ketek
2	Higley, Gonzalez lead in Malaysia
2	SPACE.com: Black hole triplets spotted
2	Google buys YouTube for $1.65bn
2	James Brown's partner can get her things
2	US Airways boosts bid for Delta
2	Toyota's Scion parks in Second Life
2	U.S. commander: Iraq not hopeless
2	Iran and Nicaraguan leaders meet
2	England opt for Bopara over Loye
2	Win a (concert) date with the Police
3	Stinky but true: men's sweat is made for love
3	Mbeki on the big visit from the Chinese
3	For women, nothing's like the smell of men's sweat
3	Nadal wants Australian Open crown
3	Sights and sounds from CES
3	EU will urge China to go green
3	Finally, Senate okays anti-terror bill Manila
3	For women, nothing's like the smell of men's sweat
3	Male sweat boosts women's hormone levels
3	Royal seeks to revive French bid
3	Dolphins, sea lions may report for duty soon
3	Gronholm ahead as Solberg crashes
3	G7 to China: Ease exchange rate grip
3	Samsung settles price-fixing lawsuit
3	Human hair' clue in hunt for airliner
3	Cases: when the simple solution is the right one
3	Sleuths close in on Odysseus home
3	Reclusive 'Mockingbird' author attends show
3	Slow 'Music and Lyrics'
3	U.S. urged to lead on 'green' actions
3	Roddick, Murray score in San Jose
3	Guy sweat is babe magnet
3	US Airways boosts bid for Delta
3	Microsoft supports OpenID authentication standard
3	7 GOP senators to force debate on troops in Iraq
3	China considers Eurobond reserves
3	UK soldiers cleared of Iraq abuse
3	The breast cancer breakthrough saving 1000 women a year
3	Protesters end strike as Nepal PM concedes demands
3	Blake defeats Moya to retain title
3	Unilever group names new chairman
3	No intention of war with Iran, US says
3	Who's going to win at the Grammys?
3	Svindal claims are golden double
3	The energy challenge. Exotic visions: how to cool a planet (maybe)
3	United hang on to six-point lead
3	Beyonce new SI bikini cover girl
3	Really?: The claim: the back seat of a car is the safest place to sit
3	Seahawks, Bears vie for shot at NFL title
3	Sleep more to fight childhood obesity
3	Stepping back in time at ski resort
3	Gently Weeps' lyrics sheet up for sale
3	Rights group halts violent Nepal strikes
3	Christian values guide Dungy and the Colts
3	Depp to star in spy poisoning film
3	Martins leads Newcastle fightback
3	Real Mallorca rock leaders Sevilla
3	Mickelson driving force at masters
3	Mexican navy helps in hunt for U.S. engineer
3	Baby born on turnpike after dad misses exit
3	Test to predict breast cancer relapse is approved
3	Will Rob Cohen Direct Third 'Mummy'?
3	Hamas, Fatah return to unity gov't talks in Mecca
3	Pats' fourth-quarter rally finishes Chargers
3	In Washington, contractors take on biggest role ever
3	Baghdad plan is a success, Iraq prime minister tells Bush
3	Create own 'Thrillville' for a wild ride
3	WarioWare,' Wii make perfect fit
3	Time to book your cruise
3	GPS sneakers locate with press of a button
3	The NFL's 20 biggest potential free agents
3	North Korea ready to discuss first steps to nuclear resolution
3	Weight-loss drug to be sold over the counter
3	U.S. to allow 7,000 Iraqi refugees
3	Corn stoves popping up in U.S. homes
3	Creating a whole album in a month?
3	Ozzy, a Hero for the hard-rocking masses
3	Walnuts 'combat unhealthy fats'
3	Beckham & Posh and more athlete-celebrity couples
3	Pluto's revenge: 'Word of the Year' award
3	House ethics panel talks to Hastert aide
3	Obama: I'm running for president
3	Marijuana helps ease HIV nerve pain, study says
3	Study: men's sweat triggers high sexual arousal in women
3	Bebe Neuwirth gets to 'wiggle again'
3	Joseph Wambaugh's new start
3	Asif returns with four-wicket haul
3	Maggie Gyllenhaal's Globes babysitter: Mom
3	Review: virtual 'American Idol' hits right notes
3	Black hole triplets spotted
3	Catholic archbishop outlines Anglican merger hopes
3	Experts issue new heart disease guidelines for women
3	Beyonce in a bikini as SI's swimsuit cover model
3	Johnny Depp to make movie of spy poisoning
3	Park stars as United maintain lead
3	Ingredient in male sweat raises women's hormone levels
3	Fine wines in British Columbia
3	Chinese president arrives in Mozambique, African tour nearly over
3	Area should get 3-5 inches of snow today
3	Grey's,' 'Pirates' lead People's Choice
3	Stop cancer with a shot
3	After Iraq trip, Clinton proposes war limits
3	5 money makeovers
3	Easy ways to (really) save $400,000
3	Howell takes one shot lead in Sony Open
3	PS3 pricey but impressive
3	PSP number one Sony platform in Japan
3	Luxury digs in South Carolina's Lowcountry
3	Iraqi sunni lands show new oil and gas promise
3	Mbeki: 2010 World Cup Planning on Track
3	Obama will run in 2008
3	Army engineers say dam safe
3	Allen and Okur get All-Star call
3	North Korea gets 'money and respect'
3	Federer overcomes a ragged start
3	Beckham to L.A.: For the game not fame
3	24's' Jack Bauer returns
3	Start late, retire rich
3	Stonehenge workers' village found
3	Schuey sees Ferrari unveil new car
3	Depp 'to make Litvinenko movie'
3	Tracking down hi-tech crime
3	US, North Korea signed nuclear memo
3	Asia near pact on energy, security
3	Variety: Johnny Depp to make movie of spy poisoning
3	Donald and Goydos share Sony lead
3	1 mln birds to be vaccinated from bird flu near Moscow
3	MS Adds Office 2007 to Vista Coupon Program
3	Wii news for gamers
3	Work starts on Arctic seed vault
3	No. 1 Florida survives Rupp Arena, streak hits 16
3	Escape to Prague without the summer hordes
3	Fortune: Looking beyond the iPhone
3	Rare optimism as North Korea talks reach crossroads
3	TV game shows go interactive
3	Gere cheers sex workers in AIDS fight
3	Jakarta begins disinfection
3	Murphys rule box office with 'Norbit'
3	Loving with all your ... brain
3	Palestinian factions to resume talks
3	In rigorous test, talk therapy works for panic disorder
3	Second drop in cancer deaths could point to a trend, researchers say
3	Wizardry at Harvard: physicists move light
3	Moscow says Palestine-Israeli contacts key to Mideast peace
3	Malaysia aggressively wooing tourists
3	Turkmen acting leader sworn in as new president
3	Stenson defends his title at Dubai
3	Malaysian AirAsia X to fly in July
3	Far away, Super Bowl's losers will be champs
3	Livingstone's transport empire may extend
3	Health returns as hot issue in '08 race
3	Mickelson, Sutherland share lead
3	Mardi Gras rebound in the offing for New Orleans?
3	African nation hopes Whoopi can help
3	UN-Google Earth map climate change
3	Discovered boys bring shock, joy
3	Stinky flower mystery solved
3	Bryant's boot may have salvaged Bucs' season
3	Gronholm takes a commanding lead
3	Founder returns to Dell helm
3	King county offering some free flu vaccines
3	U.S. opens door for Iraqi refugees
3	Thomas Cook to merge with MyTravel
3	Apple drops bombshell with iPhone
3	PLO ministers agreed upon in Mecca
3	De Villiers stretches overall lead
3	Iraqi sunni lands show new oil and gas promise
3	Sarkozy comfort zone offers a royal opportunity
3	For women, aspirin a day could keep stroke away
3	Allmendinger joining Toyota team in NASCAR 
3	All African amputee football games kick off
3	Go ahead, take a nap, science says
3	Gray wolves off endangered list
3	The science of love ... and lust
3	Video games can improve your vision
3	Cutting edge accessories for digital music players
3	Prehistoric Romeo and Juliet discovered
3	Archaeologists find signs of early chimps' tool use
3	Thai Govt moves to smooth over relations with south
3	Spain ahead although Nadal is out
3	Prehistoric lovers found locked in eternal embrace
3	Turkmenistan votes for president
3	Reunited Police to start world tour in May
3	YouTube yields surprising payback
3	Anglican and Catholic churches could merge
3	Microsoft to release next generation phone
3	Ronnie' and Eto'o hug and make up
3	Research supports medicinal marijuana
3	Charles Gibson takes over first place
3	Durant's success trumps the Gators
3	YouTube founders split $650M payout
3	Inter Milan set Serie A win record
3	Google executive acts as goodwill envoy
3	Israel says hopes to keep Lebanon border calm
3	Grammys ready to name winners
3	Virtual 'American Idol' hits right notes
3	De Villiers takes over Dakar lead
3	Airbus A380 superjumbo takes off
3	Obama announces presidential bid
3	Tell your boss: Naps are good for you
3	On-the-job naps might cut heart risk
3	Singapore pampers its waterfront promenade
3	A nap a day may keep the heart doctor away
3	Tiempo Libre has Grammy dreams
3	Archaeologists find remains of couple locked in a hug
3	Man rides stationary bike for 85 hours
3	European shares hit fresh highs
3	Bill, thanks for the RSA memories... and laughs
3	North Korea ready to discuss nuke disarmament
3	China's 'Friends' highlights Web freedoms
3	Mother: Lohan is doing 'great' in rehab
3	New vaccine for cervical cancer could prove useful in men, too
3	Vietnam becomes WTO's 150th member
3	South African trio share advantage
3	Vital signs: mental abilities: folic acid may improve thinking skills
3	Study detects a gene linked to Alzheimer's
3	Visitors to Eiffel Tower climb to record in 2006
3	NFL team's fan of the year: 'Flag Lady'
3	Roddick overcomes Federer in final
3	Pig cells hope for diabetes cure
3	Best of the Chicago Auto Show
3	Social networking goes mobile
3	Siesta cuts risk of heart disease death, study finds
3	Regular naps make hearts healthy
3	Evacuees can return home after plant blast
3	Kuerten returns to winners' circle
3	Press sees hope in Mecca talks
3	iPod good for video games
3	Nap your way to a successful career
3	Wellcome awards anti-fat research
3	Review: PS3 pricey but impressive
3	North Korea may begin to dismantle nukes
3	Royal rescues presidential hopes with commanding performance
3	Canadian breakthrough offers hope on autism
3	Cagney & Lacey' finally coming to DVD
3	Blog: Here come the Globes!
3	Hamas, Fatah leaders pledge to meet until they reach agreement
3	Call it serendipity: a missing piece of Washington's war tent is found
3	Two Koreas to resume talks
3	King and queen reign at British film awards
3	Beauticians cut, curl, offer stroke-prevention info
3	Breast cancer drug promises hope
3	Morrissey may cheer up Eurovision
3	MySpace welcomes French friends
3	Pakistan-India peace talks planned despite bombings
3	Man gets second chance at space ride
3	Beckham goal helps Real snatch win
3	India's famous landmark gets facelift
3	Arroyo lauds passage of anti-terror bill
3	Oprah announces new book club pick
3	Paterson boots Scotland to victory
3	Golden Globes on their way
3	Canete wins inaugural Joburg Open
3	Commodities lead Europe higher
3	Goetschl ends Austrian win drought
3	Philippine president welcomes Senate approval of anti-terror bill 
3	Talks begin on Somalia peacekeepers
3	Here come the Globes!
3	Panda cub makes her debut
3	London market a shopping, dining haven
3	Napping is good for your heart, study finds
3	Study: On-the-job naps might help heart
3	University offers support to New Orleans school
3	5000 years on but couple still hugging
3	More sleep, healthier slimmer children 
3	Machinery orders drive Asia upward
3	House passes anti-terrorism measure Manila
3	Grey's,' 'Betty,' 'Scrubs' get boost
3	Autos drive European gains
3	Stomp the Yard has winning moves in its weekend debut
3	Stomp' steps to No. 1 at box office
3	Bananaconda inventor is top poet of kids
3	Next island hot spot: St. Lucia
3	Naps are great for chaps
3	Dance movie takes over No. 1
3	Blissing out in Ojai
3	Europe take big Royal Trophy lead
3	Bird watchers flock to see rare owl
3	Bear cub returned to the wilderness
3	Google unveils do-it-yourself search engine
3	Firefox 2.0 hits the Web
3	Matt shines with his Alpine finish
3	Get ready for the earnings
3	Action intensity boosts vision
3	New Mars orbiter spots Pathfinder landing site
3	Glamour -- and 'Borat' -- at Golden Globes
3	A familiar and prescient voice, brought to life
3	Oracle World opens with Dell unveiling AMD-powered computers
3	Jackass' star marries childhood friend The secrets people reveal
3	Miss Brazil wins lawsuit competition
3	Malaysia launches tourism campaign
3	Travel+Leisure: Next island hot spot: St. Lucia
3	Reports: Harvard set to name first female president
3	Action games improve eyesight
3	Accord on North Korea is announced
3	Napping may be good for your heart
3	Siestas may cut heart disease risk
3	India's Taj Mahal gets facelift
3	Prehistoric Romeo and Juliet discovered
3	Russia honors Sputnik designer
3	Surprise: China cuts price of gas
3	Technology may save India's river dolphins
3	Wilkinson sets record in tame win
3	Record-shattering day on Wall St.
3	World tourism sets record in 2006
3	Good news for slackers: Naps may cut risk for heart problems
3	Harris haul puts South Africa on top
3	BellSouth says profit rises 30% on cingular earnings
3	Beijing journal: Olympic construction unearths ancient treasure trove
3	St. Louis poised for entertainment upswing
3	New gadgets galore at tech show
3	Internet boom in China is built on virtual fun
3	Ferrer victorious in Spanish duel
3	Cocoa could be antidote to age-related diseases, says new study
3	Marathon winner released from hospital 
3	NATO: Afghanistan peace 'by 2009'
3	Air France KLM profit rises
3	New cancer drug to save a thousand lives a year
3	Rescued boys parents hail 'miracle'
3	Bush vows cooperation on health care
3	Audio Slide Show: A love story lasting 61 years
3	Alaska's northern lights captivate Japanese
3	Bookworm Adventures' wordsmith's joy
3	Scientists tout cocoa's health benefits
3	Study: napping might help heart
3	Female astronaut sets record
3	News Baby pandas! Baby pandas! Baby pandas!
3	Mancuso sparks U.S. celebrations
3	Small-business owners find Bush health plan appealing
3	Feeding your brain: new benefits found in chocolate
3	Female astronaut sets record
3	Rockers big winners at Brit Awards
3	Some cocoa may improve brain blood flow
3	MySpace sales surging
4	Township tourism booming in South Africa
4	Bollywood's 'Brangelina' engaged
4	Cool millions for YouTube founders
4	Isinbayeva sets 20th world record
4	Europe retain trophy with big win
4	Japan's economy grows
4	Sunshine' Goydos wins Sony open
4	Retinal implant helping blind people see again
4	Spacewalker sets new U.S. record
4	Boy missing since 2002 found alive
4	Families celebrate return of sons
4	Amazon.com has 'best ever' sales
